DELETE FROM taresourceurl
WHERE RESOURCEID IN ('1b7f1d4202a841aaac9186c8772cfdac','519e7153c57745edb884dd10ae7dccf5','e7542892ef424e809c3bb8cfa8c0051b');
DELETE FROM taurl
WHERE URL like 'examine/taExamineRestService/%' or URL like 'domain/orguserauth/examineRoleRestService/%';
INSERT INTO taurl
(URLID, NAME, URL, NAMESPACE, `TYPE`, EFFECTIVE, CREATETIME, CREATEUSER, FIELDKEY)
VALUES('15f7e09d42124995bb44c18ce7b625de', '审核日志接口', 'examine/taExamineRestService/queryExamineLog', '475f84c0bc3f4702a1e3d76de7e84f35', '1', '1', '2024-01-03 10:01:45', '1', NULL);

INSERT INTO taurl
(URLID, NAME, URL, NAMESPACE, `TYPE`, EFFECTIVE, CREATETIME, CREATEUSER, FIELDKEY)
VALUES('15f7e09d42124995bb44c18ce7b62501', '查询可管理字段', 'domain/orguserauth/configurableFieldsRestService/queryManageableFields', '475f84c0bc3f4702a1e3d76de7e84f35', '1', '1', '2024-01-03 10:01:45', '1', NULL);

INSERT INTO taurl
(URLID, NAME, URL, NAMESPACE, `TYPE`, EFFECTIVE, CREATETIME, CREATEUSER, FIELDKEY)
VALUES('15f7e09d42124995bb44c18ce7b62502', '查询组织标签', 'domain/orguserauth/orgRestService/queryTags', '475f84c0bc3f4702a1e3d76de7e84f35', '1', '1', '2024-01-03 10:01:45', '1', NULL);
INSERT INTO taurl
(URLID, NAME, URL, NAMESPACE, `TYPE`, EFFECTIVE, CREATETIME, CREATEUSER, FIELDKEY)
VALUES('475f84c0bc3f4702a1e3d76de7e84f35', '功能审核', 'examine/taExamineRestService/**', NULL, '0', '1', '2024-01-03 10:01:44', '1', NULL);

INSERT INTO taurl
(URLID, NAME, URL, NAMESPACE, `TYPE`, EFFECTIVE, CREATETIME, CREATEUSER, FIELDKEY)
VALUES('15f7e09d42124995bb44c18ce7b62503', '功能审核明细', 'examine/taExamineRestService/queryExamineDetail', NULL, '0', '1', '2024-01-03 10:01:44', '1', NULL);
INSERT INTO taurl
(URLID, NAME, URL, NAMESPACE, `TYPE`, EFFECTIVE, CREATETIME, CREATEUSER, FIELDKEY)
VALUES('42f7383e22bd468e9aeec2e58d8dea5f', '审核角色权限管理', 'domain/orguserauth/examineRoleRestService/**', NULL, '0', '1', '2024-01-03 10:01:56', '1', NULL);

INSERT INTO taresourceurl
(RESOURCEID, URLID, AUTHORITYPOLICY)
VALUES('1b7f1d4202a841aaac9186c8772cfdac', '475f84c0bc3f4702a1e3d76de7e84f35', '0');
INSERT INTO taresourceurl
(RESOURCEID, URLID, AUTHORITYPOLICY)
VALUES('e7542892ef424e809c3bb8cfa8c0051b', '42f7383e22bd468e9aeec2e58d8dea5f', '0');
INSERT INTO taresourceurl
(RESOURCEID, URLID, AUTHORITYPOLICY)
VALUES('1b7f1d4202a841aaac9186c8772cfdac', '15f7e09d42124995bb44c18ce7b62501', '0');
INSERT INTO taresourceurl
(RESOURCEID, URLID, AUTHORITYPOLICY)
VALUES('1b7f1d4202a841aaac9186c8772cfdac', '15f7e09d42124995bb44c18ce7b62502', '0');
INSERT INTO taresourceurl
(RESOURCEID, URLID, AUTHORITYPOLICY)
VALUES('519e7153c57745edb884dd10ae7dccf5', '15f7e09d42124995bb44c18ce7b625de', '0');
INSERT INTO taresourceurl
(RESOURCEID, URLID, AUTHORITYPOLICY)
VALUES('519e7153c57745edb884dd10ae7dccf5', '15f7e09d42124995bb44c18ce7b62502', '0');
INSERT INTO taresourceurl
(RESOURCEID, URLID, AUTHORITYPOLICY)
VALUES('519e7153c57745edb884dd10ae7dccf5', '15f7e09d42124995bb44c18ce7b62501', '0');
INSERT INTO taresourceurl
(RESOURCEID, URLID, AUTHORITYPOLICY)
VALUES('519e7153c57745edb884dd10ae7dccf5', '15f7e09d42124995bb44c18ce7b62503', '0');
INSERT INTO taresourceurl
(RESOURCEID, URLID, AUTHORITYPOLICY)
VALUES('78fe48d6ab83452892dd10cd657d5f59', '15f7e09d42124995bb44c18ce7b62501', '0');
INSERT INTO taresourceurl
(RESOURCEID, URLID, AUTHORITYPOLICY)
VALUES('78fe48d6ab83452892dd10cd657d5f59', '15f7e09d42124995bb44c18ce7b62502', '0');
INSERT INTO taresourceurl
(RESOURCEID, URLID, AUTHORITYPOLICY)
VALUES('78fe48d6ab83452892dd10cd657d5f59', '15f7e09d42124995bb44c18ce7b62503', '0');


UPDATE taresource
SET PRESOURCEID='ea2297291cb24f8ba2eb01c2ae00850d', NAME='功能审核', CODE=NULL, SYSCODE='sysmg', URL='authority.html#/examineManagement', orderno=10, IDPATH='40337bdecb19484ebeb39d6c21aaca26/ea2297291cb24f8ba2eb01c2ae00850d/1b7f1d4202a841aaac9186c8772cfdac', NAMEPATH='银海软件/审核管理/功能审核', RESOURCELEVEL='2', ICON=NULL, ICONCOLOR=NULL, SECURITYPOLICY='2', securitylevel=0, RESOURCETYPE='3', EFFECTIVE='1', ISDISPLAY=NULL, OPENMODE='1', ISFILEDSCONTROL=NULL, CREATETIME='2023-12-04 17:20:07', CREATEUSER='1', UIAUTHORITYPOLICY='0', FIELD01=NULL, FIELD02=NULL, FIELD03=NULL, FIELD04=NULL, FIELD05=NULL, FIELD06=NULL, FIELD07=NULL, FIELD08=NULL, FIELD09=NULL, FIELD10=NULL, workbench='0', IMAGE=NULL
WHERE RESOURCEID='1b7f1d4202a841aaac9186c8772cfdac';
UPDATE taresource
SET PRESOURCEID='ea2297291cb24f8ba2eb01c2ae00850d', NAME='功能审核日志', CODE=NULL, SYSCODE='sysmg', URL='authority.html#/examineManagementLog', orderno=30, IDPATH='40337bdecb19484ebeb39d6c21aaca26/ea2297291cb24f8ba2eb01c2ae00850d/519e7153c57745edb884dd10ae7dccf5', NAMEPATH='银海软件/审核管理/功能审核日志', RESOURCELEVEL='2', ICON=NULL, ICONCOLOR=NULL, SECURITYPOLICY='2', securitylevel=0, RESOURCETYPE='3', EFFECTIVE='1', ISDISPLAY='1', OPENMODE='1', ISFILEDSCONTROL=NULL, CREATETIME='2023-12-04 17:20:07', CREATEUSER='1', UIAUTHORITYPOLICY='0', FIELD01=NULL, FIELD02=NULL, FIELD03=NULL, FIELD04=NULL, FIELD05=NULL, FIELD06=NULL, FIELD07=NULL, FIELD08=NULL, FIELD09=NULL, FIELD10=NULL, workbench='0', IMAGE=NULL
WHERE RESOURCEID='519e7153c57745edb884dd10ae7dccf5';
UPDATE taresource
SET PRESOURCEID='ea2297291cb24f8ba2eb01c2ae00850d', NAME='审核角色权限管理', CODE=NULL, SYSCODE='sysmg', URL='authority.html#/adminAuthority', orderno=20, IDPATH='40337bdecb19484ebeb39d6c21aaca26/ea2297291cb24f8ba2eb01c2ae00850d/e7542892ef424e809c3bb8cfa8c0051b', NAMEPATH='银海软件/审核管理/审核角色权限管理', RESOURCELEVEL='2', ICON=NULL, ICONCOLOR=NULL, SECURITYPOLICY='2', securitylevel=0, RESOURCETYPE='3', EFFECTIVE='1', ISDISPLAY=NULL, OPENMODE='1', ISFILEDSCONTROL=NULL, CREATETIME='2023-12-04 17:20:09', CREATEUSER='1', UIAUTHORITYPOLICY='0', FIELD01=NULL, FIELD02=NULL, FIELD03=NULL, FIELD04=NULL, FIELD05=NULL, FIELD06=NULL, FIELD07=NULL, FIELD08=NULL, FIELD09=NULL, FIELD10=NULL, workbench='0', IMAGE=NULL
WHERE RESOURCEID='e7542892ef424e809c3bb8cfa8c0051b';
UPDATE taresource
SET PRESOURCEID='40337bdecb19484ebeb39d6c21aaca26', NAME='审核管理', CODE=NULL, SYSCODE='sysmg', URL=NULL, orderno=61, IDPATH='40337bdecb19484ebeb39d6c21aaca26/ea2297291cb24f8ba2eb01c2ae00850d', NAMEPATH='银海软件/审核管理', RESOURCELEVEL='1', ICON=NULL, ICONCOLOR=NULL, SECURITYPOLICY='2', securitylevel=0, RESOURCETYPE='3', EFFECTIVE='1', ISDISPLAY=NULL, OPENMODE='1', ISFILEDSCONTROL=NULL, CREATETIME='2023-12-04 17:20:09', CREATEUSER='1', UIAUTHORITYPOLICY='0', FIELD01=NULL, FIELD02=NULL, FIELD03=NULL, FIELD04=NULL, FIELD05=NULL, FIELD06=NULL, FIELD07=NULL, FIELD08=NULL, FIELD09=NULL, FIELD10=NULL, workbench='0', IMAGE=NULL
WHERE RESOURCEID='ea2297291cb24f8ba2eb01c2ae00850d';



INSERT INTO tadict
(NAME, `TYPE`, LABEL, VALUE, PARENTVALUE, sort, AUTHORITY, cssclass, CSSSTYLE, REMARKS, CREATETIME, CREATEUSER, VERSION, STATUS, FIELD01, FIELD02, FIELD03, FIELD04, FIELD05, `SYSTEM`, NEWTYPE)
VALUES('操作类型', 'OPTYPE', '回收人员信息', '96', NULL, 960, '0', NULL, NULL, NULL, '2024-06-04 14:56:25', '1', '0', '1', NULL, NULL, NULL, NULL, NULL, '1', '0');
INSERT INTO tadict
(NAME, `TYPE`, LABEL, VALUE, PARENTVALUE, sort, AUTHORITY, cssclass, CSSSTYLE, REMARKS, CREATETIME, CREATEUSER, VERSION, STATUS, FIELD01, FIELD02, FIELD03, FIELD04, FIELD05, `SYSTEM`, NEWTYPE)
VALUES('操作类型', 'OPTYPE', '删除人员信息', '95', NULL, 950, '0', NULL, NULL, NULL, '2024-06-04 14:56:09', '1', '0', '1', NULL, NULL, NULL, NULL, NULL, '1', '0');
INSERT INTO tadict
(NAME, `TYPE`, LABEL, VALUE, PARENTVALUE, sort, AUTHORITY, cssclass, CSSSTYLE, REMARKS, CREATETIME, CREATEUSER, VERSION, STATUS, FIELD01, FIELD02, FIELD03, FIELD04, FIELD05, `SYSTEM`, NEWTYPE)
VALUES('操作类型', 'OPTYPE', '启用人员信息', '94', NULL, 940, '0', NULL, NULL, NULL, '2024-06-04 14:55:55', '1', '0', '1', NULL, NULL, NULL, NULL, NULL, '1', '0');
INSERT INTO tadict
(NAME, `TYPE`, LABEL, VALUE, PARENTVALUE, sort, AUTHORITY, cssclass, CSSSTYLE, REMARKS, CREATETIME, CREATEUSER, VERSION, STATUS, FIELD01, FIELD02, FIELD03, FIELD04, FIELD05, `SYSTEM`, NEWTYPE)
VALUES('操作类型', 'OPTYPE', '禁用人员信息', '93', NULL, 930, '0', NULL, NULL, NULL, '2024-06-04 14:55:40', '1', '0', '1', NULL, NULL, NULL, NULL, NULL, '1', '0');
INSERT INTO tadict
(NAME, `TYPE`, LABEL, VALUE, PARENTVALUE, sort, AUTHORITY, cssclass, CSSSTYLE, REMARKS, CREATETIME, CREATEUSER, VERSION, STATUS, FIELD01, FIELD02, FIELD03, FIELD04, FIELD05, `SYSTEM`, NEWTYPE)
VALUES('操作类型', 'OPTYPE', '编辑人员信息', '92', NULL, 920, '0', NULL, NULL, NULL, '2024-06-04 14:55:22', '1', '0', '1', NULL, NULL, NULL, NULL, NULL, '1', '0');
INSERT INTO tadict
(NAME, `TYPE`, LABEL, VALUE, PARENTVALUE, sort, AUTHORITY, cssclass, CSSSTYLE, REMARKS, CREATETIME, CREATEUSER, VERSION, STATUS, FIELD01, FIELD02, FIELD03, FIELD04, FIELD05, `SYSTEM`, NEWTYPE)
VALUES('操作类型', 'OPTYPE', '添加人员信息', '91', NULL, 910, '0', NULL, NULL, NULL, '2024-06-04 14:55:04', '1', '0', '1', NULL, NULL, NULL, NULL, NULL, '1', '0');
INSERT INTO tadict
(NAME, `TYPE`, LABEL, VALUE, PARENTVALUE, sort, AUTHORITY, cssclass, CSSSTYLE, REMARKS, CREATETIME, CREATEUSER, VERSION, STATUS, FIELD01, FIELD02, FIELD03, FIELD04, FIELD05, `SYSTEM`, NEWTYPE)
VALUES('操作对象类型', 'OPOBJTYPE', '人员信息', '12', NULL, 120, '0', NULL, NULL, NULL, '2024-06-04 14:53:59', '1', '1', '1', NULL, NULL, NULL, NULL, NULL, '1', '0');
